time,amplitude
0.000000,-0.00112000
0.002778,-0.00116000
0.005556,-0.00046000
0.008333,0.00629000
0.011111,-0.00004000
0.013889,-0.01060000
0.016667,0.00459000
0.019444,0.00054000
0.022222,0.00199000
0.025000,0.00611000
0.027778,0.00904000
0.030556,0.01917000
0.033333,0.01863000
0.036111,0.01875000
0.038889,0.01754000
0.041667,0.02204000
0.044444,0.03994000
0.047222,0.05723000
0.050000,0.05656000
0.052778,0.06520000
0.055556,0.08000000
0.058333,0.07314000
0.061111,0.09007000
0.063889,0.10253000
0.066667,0.10947000
0.069444,0.10199000
0.072222,0.10581000
0.075000,0.10122000
0.077778,0.09975000
0.080556,0.07711000
0.083333,0.08185000
0.086111,0.05581000
0.088889,0.03745000
0.091667,0.04438000
0.094444,0.03345000
0.097222,0.04028000
0.100000,0.03220000
0.102778,0.01187000
0.105556,0.02423000
0.108333,0.00624000
0.111111,0.01120000
0.113889,0.00778000
0.116667,0.00958000
0.119444,0.01341000
0.122222,0.00869000
0.125000,-0.00006000
0.127778,-0.00864000
0.130556,-0.02399000
0.133333,-0.04001000
0.136111,-0.01569000
0.138889,0.08543000
0.141667,0.29977000
0.144444,0.57777000
0.147222,0.83594000
0.150000,0.85369000
0.152778,0.65947000
0.155556,0.35505000
0.158333,0.06685000
0.161111,-0.12379000
0.163889,-0.19510000
0.166667,-0.19164000
0.169444,-0.16703000
0.172222,-0.12669000
0.175000,-0.06958000
0.177778,-0.01697000
0.180556,-0.00703000
0.183333,0.02390000
0.186111,0.03798000
0.188889,0.04204000
0.191667,0.05739000
0.194444,0.06294000
0.197222,0.08380000
0.200000,0.07758000
0.202778,0.07570000
0.205556,0.08460000
0.208333,0.09150000
0.211111,0.11534000
0.213889,0.11322000
0.216667,0.12762000
0.219444,0.14493000
0.222222,0.14414000
0.225000,0.15871000
0.227778,0.15748000
0.230556,0.17462000
0.233333,0.18959000
0.236111,0.20796000
0.238889,0.22420000
0.241667,0.22392000
0.244444,0.23483000
0.247222,0.24190000
0.250000,0.25608000
0.252778,0.26032000
0.255556,0.25997000
0.258333,0.25307000
0.261111,0.27049000
0.263889,0.26710000
0.266667,0.27334000
0.269444,0.26144000
0.272222,0.27418000
0.275000,0.25134000
0.277778,0.26144000
0.280556,0.24304000
0.283333,0.23043000
0.286111,0.21712000
0.288889,0.21578000
0.291667,0.21861000
0.294444,0.20351000
0.297222,0.19190000
0.300000,0.15658000
0.302778,0.17038000
0.305556,0.15827000
0.308333,0.13869000
0.311111,0.12757000
0.313889,0.12240000
0.316667,0.12644000
0.319444,0.09489000
0.322222,0.09111000
0.325000,0.09717000
0.327778,0.07502000
0.330556,0.06858000
0.333333,0.06577000
0.336111,0.04913000
0.338889,0.05546000
0.341667,0.03922000
0.344444,0.05169000
0.347222,0.04084000
0.350000,0.05574000
0.352778,0.03681000
0.355556,0.04297000
0.358333,0.01945000
0.361111,0.02704000
0.363889,0.02903000
0.366667,0.03910000
0.369444,0.01058000
0.372222,0.03105000
0.375000,0.02712000
0.377778,0.03406000
0.380556,0.02701000
0.383333,0.02136000
0.386111,0.01648000
0.388889,0.01046000
0.391667,0.02185000
0.394444,0.01865000
0.397222,0.03629000
0.400000,0.01521000
0.402778,0.02265000
0.405556,0.00756000
0.408333,0.01698000
0.411111,0.02228000
0.413889,0.02684000
0.416667,0.03189000
0.419444,0.02003000
0.422222,0.01152000
0.425000,0.02420000
0.427778,0.02475000
0.430556,0.02463000
0.433333,0.01518000
0.436111,0.02993000
0.438889,0.02165000
0.441667,0.02663000
0.444444,0.03130000
0.447222,0.02607000
0.450000,0.02357000
0.452778,0.03858000
0.455556,0.02339000
0.458333,0.01915000
0.461111,0.02249000
0.463889,0.03354000
0.466667,0.02270000
0.469444,0.02599000
0.472222,0.03147000
0.475000,0.01788000
0.477778,0.00824000
0.480556,0.02453000
0.483333,0.02404000
0.486111,0.01741000
0.488889,0.02931000
0.491667,0.02728000
0.494444,0.01453000
0.497222,0.02670000
0.500000,0.02105000
0.502778,0.01082000
0.505556,0.02638000
0.508333,0.02246000
0.511111,0.01692000
0.513889,0.02713000
0.516667,0.02691000
0.519444,0.01845000
0.522222,0.02633000
0.525000,0.03131000
0.527778,0.01754000
0.530556,0.02635000
0.533333,0.02338000
0.536111,0.04154000
0.538889,0.00857000
0.541667,0.02908000
0.544444,0.02112000
0.547222,0.02282000
0.550000,0.03889000
0.552778,0.02366000
0.555556,0.04174000
0.558333,0.02035000
0.561111,0.02679000
0.563889,0.02019000
0.566667,0.01879000
0.569444,0.02510000
0.572222,0.02277000
0.575000,0.02729000
0.577778,0.00977000
0.580556,0.04397000
0.583333,0.02849000
0.586111,0.04633000
0.588889,0.02773000
0.591667,0.04250000
0.594444,0.07093000
0.597222,0.04524000
0.600000,0.04793000
0.602778,0.06417000
0.605556,0.08168000
0.608333,0.09315000
0.611111,0.10750000
0.613889,0.10401000
0.616667,0.10092000
0.619444,0.11617000
0.622222,0.13332000
0.625000,0.12842000
0.627778,0.10779000
0.630556,0.11947000
0.633333,0.12507000
0.636111,0.12328000
0.638889,0.10191000
0.641667,0.09038000
0.644444,0.06833000
0.647222,0.06220000
0.650000,0.06072000
0.652778,0.05674000
0.655556,0.05082000
0.658333,0.03696000
0.661111,0.02725000
0.663889,0.02691000
0.666667,0.02137000
0.669444,0.03387000
0.672222,0.00861000
0.675000,0.02250000
0.677778,0.02534000
0.680556,0.02733000
0.683333,0.00460000
0.686111,-0.00209000
0.688889,-0.02062000
0.691667,0.00152000
0.694444,0.10107000
0.697222,0.32512000
0.700000,0.60470000
0.702778,0.83798000
0.705556,0.90355000
0.708333,0.68453000
0.711111,0.37023000
0.713889,0.07415000
0.716667,-0.11355000
0.719444,-0.16735000
0.722222,-0.17525000
0.725000,-0.16188000
0.727778,-0.10307000
0.730556,-0.04662000
0.733333,-0.00321000
0.736111,0.00869000
0.738889,0.02039000
0.741667,0.03535000
0.744444,0.05848000
0.747222,0.06510000
0.750000,0.07522000
0.752778,0.07306000
0.755556,0.07666000
0.758333,0.07806000
0.761111,0.10523000
0.763889,0.11445000
0.766667,0.12884000
0.769444,0.13709000
0.772222,0.13950000
0.775000,0.16241000
0.777778,0.16135000
0.780556,0.16812000
0.783333,0.18023000
0.786111,0.19061000
0.788889,0.18864000
0.791667,0.21755000
0.794444,0.22816000
0.797222,0.23250000
0.800000,0.23819000
0.802778,0.25452000
0.805556,0.27196000
0.808333,0.26412000
0.811111,0.26419000
0.813889,0.26673000
0.816667,0.27283000
0.819444,0.26389000
0.822222,0.27230000
0.825000,0.27178000
0.827778,0.28275000
0.830556,0.27101000
0.833333,0.26605000
0.836111,0.24532000
0.838889,0.24865000
0.841667,0.22558000
0.844444,0.22786000
0.847222,0.21878000
0.850000,0.19887000
0.852778,0.21023000
0.855556,0.18779000
0.858333,0.15696000
0.861111,0.16555000
0.863889,0.14696000
0.866667,0.13955000
0.869444,0.13292000
0.872222,0.12236000
0.875000,0.09343000
0.877778,0.09150000
0.880556,0.09851000
0.883333,0.09487000
0.886111,0.09241000
0.888889,0.08492000
0.891667,0.04794000
0.894444,0.06500000
0.897222,0.03853000
0.900000,0.06230000
0.902778,0.04744000
0.905556,0.03276000
0.908333,0.05488000
0.911111,0.04124000
0.913889,0.01861000
0.916667,0.03405000
0.919444,0.02410000
0.922222,0.02934000
0.925000,0.02344000
0.927778,0.03706000
0.930556,0.01377000
0.933333,0.02691000
0.936111,0.03822000
0.938889,0.01654000
0.941667,0.02437000
0.944444,0.02390000
0.947222,0.01643000
0.950000,0.02685000
0.952778,0.02219000
0.955556,0.01365000
0.958333,0.03511000
0.961111,0.02718000
0.963889,0.01936000
0.966667,0.01546000
0.969444,0.01415000
0.972222,0.03016000
0.975000,0.01902000
0.977778,0.02376000
0.980556,0.01850000
0.983333,0.02481000
0.986111,0.01884000
0.988889,0.02578000
0.991667,0.01810000
0.994444,0.02611000
0.997222,0.02475000
1.000000,0.01833000
1.002778,0.01229000
1.005556,0.01154000
1.008333,0.01303000
1.011111,0.01098000
1.013889,0.02568000
1.016667,0.01828000
1.019444,0.03110000
1.022222,0.03667000
1.025000,0.01853000
1.027778,0.00584000
1.030556,0.01506000
1.033333,0.01740000
1.036111,0.00599000
1.038889,0.01578000
1.041667,0.01997000
1.044444,0.01389000
1.047222,0.01131000
1.050000,0.01127000
1.052778,0.03152000
1.055556,0.01584000
1.058333,0.01036000
1.061111,0.01390000
1.063889,0.02440000
1.066667,0.01117000
1.069444,0.02039000
1.072222,0.02224000
1.075000,0.02229000
1.077778,0.02737000
1.080556,0.01165000
1.083333,0.02500000
1.086111,0.00947000
1.088889,0.01252000
1.091667,0.02514000
1.094444,0.02203000
1.097222,0.01534000
1.100000,0.00567000
1.102778,0.01957000
1.105556,0.00990000
1.108333,0.00743000
1.111111,0.00954000
1.113889,0.01660000
1.116667,-0.00241000
1.119444,0.01740000
1.122222,0.01593000
1.125000,0.00997000
1.127778,0.02320000
1.130556,0.02026000
1.133333,0.01128000
1.136111,0.01194000
1.138889,0.02457000
1.141667,0.00927000
1.144444,0.02196000
1.147222,0.02378000
1.150000,0.03467000
1.152778,0.04222000
1.155556,0.04834000
1.158333,0.06561000
1.161111,0.06755000
1.163889,0.07274000
1.166667,0.07497000
1.169444,0.09916000
1.172222,0.10511000
1.175000,0.11824000
1.177778,0.10424000
1.180556,0.11156000
1.183333,0.10947000
1.186111,0.10538000
1.188889,0.10013000
1.191667,0.07855000
1.194444,0.08986000
1.197222,0.07881000
1.200000,0.07282000
1.202778,0.07230000
1.205556,0.04299000
1.208333,0.03746000
1.211111,0.03114000
1.213889,0.04104000
1.216667,0.00719000
1.219444,0.02143000
1.222222,0.00311000
1.225000,-0.00783000
1.227778,-0.00511000
1.230556,-0.00210000
1.233333,0.01392000
1.236111,-0.00831000
1.238889,-0.01446000
1.241667,-0.03623000
1.244444,-0.02951000
1.247222,-0.01846000
1.250000,0.09973000
1.252778,0.28754000
1.255556,0.57306000
1.258333,0.81734000
1.261111,0.85924000
1.263889,0.67817000
1.266667,0.34808000
1.269444,0.04372000
1.272222,-0.13471000
1.275000,-0.20905000
1.277778,-0.20023000
1.280556,-0.16649000
1.283333,-0.11984000
1.286111,-0.06225000
1.288889,-0.03300000
1.291667,-0.00104000
1.294444,0.02031000
1.297222,0.04311000
1.300000,0.03841000
1.302778,0.04314000
1.305556,0.04397000
1.308333,0.06446000
1.311111,0.06137000
1.313889,0.07648000
1.316667,0.06673000
1.319444,0.09906000
1.322222,0.08933000
1.325000,0.10350000
1.327778,0.12833000
1.330556,0.11964000
1.333333,0.14038000
1.336111,0.15245000
1.338889,0.15473000
1.341667,0.18423000
1.344444,0.19604000
1.347222,0.17848000
1.350000,0.19240000
1.352778,0.21958000
1.355556,0.21107000
1.358333,0.22591000
1.361111,0.23661000
1.363889,0.24659000
1.366667,0.24359000
1.369444,0.24923000
1.372222,0.24407000
1.375000,0.26112000
1.377778,0.24601000
1.380556,0.25056000
1.383333,0.24034000
1.386111,0.24065000
